display_name,pdl_name,website,type
Maryland Institute College Of Art,maryland institute college of art,www.mica.edu/,post-secondary
Texas State Technical College,texas state technical college,www.tstc.edu/,post-secondary
Studio Beauty School,studio beauty school,www.studiobeautyschool.com/,post-secondary
Latin Beauty Academy,latin beauty academy,www.latinbeautyacademy.edu/,post-secondary
Arizona College Of Nursing,arizona college of nursing,https://www.arizonacollege.edu/,post-secondary
Spoon River College,spoon river college,www.src.edu/,post-secondary
Mount Vernon Nazarene University,mount vernon nazarene university,www.mvnu.edu/,post-secondary
Arthur's Beauty College,arthur's beauty college inc,www.arthursbeautycollege.com/,post-secondary
Suny Morrisville,state university of new york college of agriculture and technology at morrisville,www.morrisville.edu/,post-secondary
Bucknell University,bucknell university,www.bucknell.edu/,post-secondary
Sam Houston State University,sam houston state university,www.shsu.edu/,post-secondary
Lake Erie College Of Osteopathic Medicine,lake erie college of osteopathic medicine,www.lecom.edu/,post-secondary
University Of South Alabama,university of south alabama,www.southalabama.edu/,post-secondary
Rhodes College,rhodes college,www.rhodes.edu/,post-secondary
PJ's College Of Cosmetology-Glasgow,pj's college of cosmetology-glasgow,www.gotopjs.com/,post-secondary
Westmoreland County Community College,westmoreland county community college,https://westmoreland.edu/,post-secondary
Metro Tech,metro tech,https://www.metrotech.edu/,post-secondary
Long Beach City College,long beach city college,www.lbcc.edu/,post-secondary
Mount Marty University,mount marty university,www.mountmarty.edu/,post-secondary
University Of Pittsburgh-Bradford,university of pittsburgh at bradford,www.upb.pitt.edu/,post-secondary
University Of Phoenix,university of phoenix,https://www.phoenix.edu/,post-secondary
Northern Vermont University,northern vermont university,www.northernvermont.edu/,post-secondary
Guilford Technical Community College,guilford technical community college,www.gtcc.edu/,post-secondary
Washington University In St. Louis,washington university in st. louis,www.wustl.edu/,post-secondary
Vaughn College Of Aeronautics And Technology,vaughn college of aeronautics and technology,www.vaughn.edu/,post-secondary
Chamberlain University,chamberlain university,https://www.chamberlain.edu/,post-secondary
Utica University,utica university,https://www.utica.edu/,post-secondary
UC Santa Barbara,uc santa barbara,www.ucsb.edu/,post-secondary
Saint Mary's College Of California,saint mary's college of california,https://www.stmarys-ca.edu/,post-secondary
University Of Connecticut-Stamford,university of connecticut-stamford,stamford.uconn.edu/,post-secondary
North Arkansas College,north arkansas college,www.northark.edu/,post-secondary
Villanova University,villanova university,www.villanova.edu/,post-secondary
Wellspring School Of Allied Health Kansas City,wellspring school of allied health kansas city,www.wellspring.edu/,post-secondary
Eckerd College,eckerd college,https://www.eckerd.edu/,post-secondary
Brescia University,brescia university,www.brescia.edu/,post-secondary
Franklin College,franklin college,www.franklincollege.edu/,post-secondary
West Virginia Junior College Morgantown,west virginia junior college morgantown,www.wvjc.edu/,post-secondary
Carleton College,carleton college,https://www.carleton.edu/,post-secondary
Centura College,centura college,https://www.centuracollege.edu/campuses/richmond/,post-secondary
Pierce College-Puyallup,pierce college at puyallup,https://www.pierce.ctc.edu/index.html,post-secondary
American Academy Of Acupuncture And Oriental Medicine,american academy of acupuncture and oriental medicine,www.aaaom.edu/,post-secondary
Erie 2 Chautauqua Cattaraugus Boces,erie 2-chautauqua-cattaraugus boces,www.e2ccb.org/,post-secondary
Memphis Theological Seminary,memphis theological seminary,www.memphisseminary.edu/,post-secondary
Modern Hairstyling Institute,modern hairstyling institute,www.modern.edu/,post-secondary
Southeast Missouri Hospital College Of Nursing And Health Sciences,southeast missouri hospital college of nursing and health sciences,www.sehcollege.edu/,post-secondary
Kenneth Shuler School Of Cosmetology-North Augusta,kenneth shuler school of cosmetology-north augusta,www.kennethshuler.com/,post-secondary
Baylor College Of Medicine,baylor college of medicine,www.bcm.edu/,post-secondary
Seminole State College Of Florida,seminole state college of florida,https://www.seminolestate.edu/,post-secondary
Scott College Of Cosmetology,scott college of cosmetology,www.scottcollegeofcosmetology.edu/,post-secondary
Stevensons Academy Of Hair Design,stevensons academy of hair design,www.stevenson-academy.com/,post-secondary
Ponce Health Sciences University,ponce health sciences university,https://www.psm.edu/,post-secondary
Columbia Southern University,columbia southern university,www.columbiasouthern.edu/,post-secondary
Nazarene Theological Seminary,nazarene theological seminary,www.nts.edu/,post-secondary
Georgian Court University,georgian court university,https://georgian.edu/,post-secondary
Institute Of Advanced Medical Esthetics,institute of advanced medical esthetics,www.theinstituteofadvancedmedicalesthetics.com/,post-secondary
South University,south university,"www.southuniversity.edu/austin#location=Austin, TX",post-secondary
Wilkes Community College,wilkes community college,www.wilkescc.edu/,post-secondary
Sebring Career Schools-Houston,sebring career schools-houston,sebringcareerschools.com/,post-secondary
Ata College,ata college,www.atacollege.edu,post-secondary
Visible Music College,visible music college,www.visible.edu/,post-secondary
Contra Costa College,contra costa college,https://www.contracosta.edu/,post-secondary
Northeast State Community College,northeast state community college,www.northeaststate.edu/,post-secondary
Ayers Career College,ayers career college,www.ayers.edu/,post-secondary
Southwest Mississippi Community College,southwest mississippi community college,www.smcc.edu/,post-secondary
Tennessee State University,tennessee state university,www.tnstate.edu/,post-secondary
Mount Mary University,mount mary university,www.mtmary.edu/,post-secondary
Baldwin Beauty School-North Austin,baldwin beauty school-north austin,baldwinbeautyschools.com/,post-secondary
Ave Maria School Of Law,ave maria school of law,https://www.avemarialaw.edu/,post-secondary
Emperor's College Of Traditional Oriental Medicine,emperor's college of traditional oriental medicine,www.emperors.edu/,post-secondary
Manchester University,manchester university,www.manchester.edu/,post-secondary
Mr Wayne's School Of Unisex Hair Design,mr waynes school of unisex hair design,www.misterwaynes.com/,post-secondary
Lasell University,lasell university,www.lasell.edu/,post-secondary
St. Charles Community College,st. charles community college,www.stchas.edu/,post-secondary
A.T. Still University Of Health Sciences,a.t. still university of health sciences,www.atsu.edu/,post-secondary
University Of Puerto Rico-Cayey,university of puerto rico-cayey,www.cayey.upr.edu/,post-secondary
Advanced Career Institute,advanced career institute,https://advanced.edu/,post-secondary
Southern Regional Technical College,southern regional technical college,southernregional.edu/,post-secondary
Eastern Suffolk Boces,eastern suffolk boces,www.esboces.org/,post-secondary
Advanced Beauty College,advanced beauty college,www.advancedbeautycollege.net/,post-secondary
Joliet Junior College,joliet junior college,www.jjc.edu/,post-secondary
Des Moines Area Community College,des moines area community college,www.dmacc.edu/,post-secondary
Great Plains Technology Center,great plains technology center,www.greatplains.edu/,post-secondary
Auburn Career Center,auburn career center,www.auburncc.org/,post-secondary
Southern Careers Institute-Harlingen,southern careers institute-harlingen,www.scitexas.edu/,post-secondary
Rob Roy Academy-Fall River,rob roy academy-fall river,www.rob-roy.com/,post-secondary
Fremont College,fremont college,https://www.fremont.edu/,post-secondary
Pioneer Career And Technology Center,pioneer career and technology center,www.pctc.k12.oh.us/,post-secondary
Zane State College,zane state college,www.zanestate.edu/,post-secondary
Southwestern Oklahoma State University,southwestern oklahoma state university,https://www.swosu.edu/,post-secondary
Panola College,panola college,www.panola.edu/,post-secondary
Mid Michigan Community College,mid michigan community college,www.midmich.edu/,post-secondary
Moberly Area Community College,moberly area community college,www.macc.edu/,post-secondary
Drexel University,drexel university,https://drexel.edu/,post-secondary
Cleveland State Community College,cleveland state community college,www.clevelandstatecc.edu/,post-secondary
Ashland County-West Holmes Career Center,ashland county-west holmes career center,www.acwhcc.org/,post-secondary
Center For Employment Training,center for employment training,https://cetweb.edu/,post-secondary
California Hair Design Academy,california hair design academy,https://chdaschools.com/,post-secondary
Metropolitan College Of New York,metropolitan college of new york,https://www.mcny.edu/,post-secondary
Upper Iowa University,upper iowa university,https://www.uiu.edu/,post-secondary
Applied Technology Services,applied technology services,www.appliedtech-stl.com/,post-secondary
Neighborhood Playhouse School Of The Theater,the neighborhood playhouse school of the theater,www.neighborhoodplayhouse.org/,post-secondary
Hamrick School,hamrick school,https://www.hamrickschool.edu/,post-secondary
Northwest Nazarene University,northwest nazarene university,www.nnu.edu/,post-secondary
L3Harris Technologies,l3harris technologies,l3harris.com,post-secondary
The Landing School,the landing school,www.landingschool.edu/,post-secondary
Washington College,washington college,www.washcoll.edu/,post-secondary
Lake Forest Graduate School Of Management,lake forest graduate school of management,www.lfgsm.edu/,post-secondary
Campbellsville University,campbellsville university,https://www.campbellsville.edu/,post-secondary
Queens University Of Charlotte,queens university of charlotte,www.queens.edu/,post-secondary
Caribbean University-Vega Baja,caribbean university-vega baja,www.caribbean.edu/,post-secondary
Summit Christian College,summit christian college,www.summitcc.edu/,post-secondary
Taylor Andrews Academy-St George,taylor andrews academy-st george,www.taylorandrewstgeorge.com/,post-secondary
Evans Hairstyling College-Rexburg,evans hairstyling college-rexburg,www.evanshairstylingcollege.com/,post-secondary
Pci College,pci college,www.pci-ed.com/,post-secondary
New Professions Technical Institute,new professions technical institute,www.npti.edu/,post-secondary
Educational Technical College-Recinto De Bayamon,educational technical college-recinto de bayamon,www.edutecpr.com/,post-secondary
Howard Payne University,howard payne university,www.hputx.edu/,post-secondary
Lincoln Technical Institute,lincoln tech,www.lincolntech.edu,post-secondary
Arnolds Beauty School,arnolds beauty school,arnoldsbeautyschool.com/,post-secondary
Cumberland County College,cumberland county college,https://www.rcsj.edu/,post-secondary
Houston Training School,houston training school,houstontrainingschools.net/,post-secondary
Family Of Faith Christian University,family of faith christian university,www.familyoffaith.edu/,post-secondary
Methodist Theological School In Ohio,methodist theological school in ohio,www.mtso.edu/,post-secondary
Becker College,becker college,www.becker.edu/,post-secondary
Ecclesia College,ecclesia college,ecollege.edu/,post-secondary
Alabama A & M University,alabama a&m university,www.aamu.edu/,post-secondary
Duvall's School Of Cosmetology,duvall's school of cosmetology,www.duvallschool.com/,post-secondary
Spartan College Of Aeronautics & Technology,spartan college of aeronautics and technology,www.spartan.edu/,post-secondary
Miami Ad School-San Francisco,miami ad school-san francisco,www.miamiadschool.com/,post-secondary
Milan Institute-Amarillo,milan institute-amarillo,www.milaninstitute.edu/,post-secondary
Grand View University,grand view university,www.grandview.edu/,post-secondary
Birmingham-Southern College,birmingham-southern college,www.bsc.edu/,post-secondary
West Liberty University,west liberty university,www.westliberty.edu/,post-secondary
Suffolk County Community College,suffolk county community college,sunysuffolk.edu,post-secondary
Ucas University Of Cosmetology Arts & Sciences,ucas university of cosmetology arts & sciences,www.ucastx.com/,post-secondary
Caddo Kiowa Technology Center,caddo kiowa technology center,www.mycktc.com/,post-secondary
Pima Medical Institute,pima medical institute,pmi.edu/,post-secondary
Columbia College,columbia college,www.gocolumbia.edu/,post-secondary
Occidental College,occidental college,https://www.oxy.edu/,post-secondary
San Diego Christian College,san diego christian college,sdcc.edu/,post-secondary
John Wood Community College,john wood community college,www.jwcc.edu/,post-secondary
Prairie State College,prairie state college,www.prairiestate.edu/,post-secondary
Point Loma Nazarene University,point loma nazarene university,www.pointloma.edu/,post-secondary
Western Oregon University,western oregon university,www.wou.edu/,post-secondary
Roberts Wesleyan University,roberts wesleyan university,www.roberts.edu/,post-secondary
Huertas Junior College,huertas junior college,www.huertas.edu/,post-secondary
Platt College-Los Angeles,platt college-los angeles,www.plattcollege.edu/,post-secondary
Icahn School Of Medicine At Mount Sinai,icahn school of medicine at mount sinai,icahn.mssm.edu/,post-secondary
Compass Career College,compass career college,www.compasscareercollege.net/,post-secondary
Gwinnett College,gwinnett college,www.gwinnettcollege.edu/,post-secondary
Central College,central college,www.central.edu/,post-secondary
Truckee Meadows Community College,truckee meadows community college,www.tmcc.edu/,post-secondary
World Mission University,world mission university,www.wmu.edu/,post-secondary
University Of Pikeville,university of pikeville,www.upike.edu/,post-secondary
William Peace University,william peace university,www.peace.edu/,post-secondary
Bennington College,bennington college,www.bennington.edu/,post-secondary
Peirce College,peirce college,https://www.peirce.edu/,post-secondary
Westminster College (PA),westminster college (pa),www.westminster.edu/,post-secondary
All-State Career School,all-state career, inc,www.allstatecareer.edu/,post-secondary
Johnson C. Smith University,johnson c. smith university-jcsu,www.jcsu.edu/,post-secondary
Brighton Institute Of Cosmetology,brighton institute of cosmetology,www.brightoninstitute.net/,post-secondary
American Institute,american institute,americaninstitute.edu,post-secondary
Western Maricopa Education Center,western maricopa education center,https://west-mec.edu/findyourhappy/,post-secondary
Mason Anthony School Of Cosmetology Arts & Sciences,mason anthony school of cosmetology arts & sciences,https://www.masonanthony.com/,post-secondary
University Of Maryland Eastern Shore,university of maryland eastern shore,www.umes.edu/,post-secondary
Salon Institute,salon institute,www.saloninstitute.edu/,post-secondary
University Of Puerto Rico-Carolina,university of puerto rico-carolina,www.uprc.edu/,post-secondary
The Juilliard School,the juilliard school,www.juilliard.edu/,post-secondary
United Education Institute,united education institute,https://www.uei.edu/,post-secondary
Randolph Technical Center,randolph technical center,rtc.rand.k12.wv.us/,post-secondary
University Of Georgia,the university of georgia,www.uga.edu/,post-secondary
Austin's Beauty College Inc,austin's beauty college inc,www.austinbeautycollege.com/,post-secondary
Monroe County Community College,monroe county community college,www.monroeccc.edu/,post-secondary
Hope College Of Arts And Sciences,hope college of arts and sciences,hcas.edu/,post-secondary
Lamar State College Orange,lamar state college orange,www.lsco.edu/,post-secondary
Summit Salon Academy,summit salon academy,www.summitsalonacademyportland.com/,post-secondary
National Career Institute,national career institute,nciedu.com/,post-secondary
Fayetteville Technical Community College,fayetteville technical community college,https://www.faytechcc.edu/,post-secondary
Rowan College At Burlington County,rowan college at burlington county,www.rcbc.edu/,post-secondary
Passaic County Community College,passaic county community college,www.pccc.edu/,post-secondary
The Spa School,the spa school,https://salonschools.ohiostate.edu/,post-secondary
West Georgia Technical College,west georgia technical college,https://www.westgatech.edu/,post-secondary
Robert Morgan Educational Center And Technical College,robert morgan educational center and technical college,rmec.dadeschools.net/,post-secondary
Pennsylvania State University-Penn State Berks,pennsylvania state university-penn state berks,berks.psu.edu/,post-secondary
University Of Pittsburgh,university of pittsburgh,www.pitt.edu/,post-secondary
Schuylkill Health School of Nursing,schuylkill health school of nursing,www.schuylkillhealthschoolofnursing.com/,post-secondary
Roger Williams University,roger williams university,https://www.rwu.edu/,post-secondary
Remington College,remington college,www.remingtoncollege.edu,post-secondary
California State University-Stanislaus,california state university, stanislaus,https://www.csustan.edu/,post-secondary
City College Of San Francisco,city college of san francisco,www.ccsf.edu/,post-secondary
Trinidad State College,trinidad state college,www.trinidadstate.edu/,post-secondary
Colorado Northwestern Community College,colorado northwestern community college,www.cncc.edu/,post-secondary
Dodge City Community College,dodge city community college,https://dc3.edu/,post-secondary
Yeshiva Yesodei Hatorah,yeshiva yesodei hatorah,yeshivayesodeihatorahlakewood.com/,post-secondary
Corban University,corban university,www.corban.edu/,post-secondary
Bryn Athyn College Of The New Church,bryn athyn college of the new church,www.brynathyn.edu/,post-secondary
Northwest College,northwest college,www.nwc.edu/,post-secondary
Warren County Career Center,warren county career center,www.mywccc.org/,post-secondary
University Of North Texas At Dallas,university of north texas at dallas,untdallas.edu/,post-secondary
Wisconsin Indianhead Technical College,wisconsin indianhead technical college foundation,https://www.witc.edu/,post-secondary
Solano Community College,solano community college,www.solano.edu/,post-secondary
Palladium Technical Academy,palladium technical academy,palladiumta.com,post-secondary
American Beauty School,american beauty school,www.americanbeautyschool.edu/,post-secondary
Clark Atlanta University,clark atlanta university,www.cau.edu/,post-secondary
South Georgia Technical College,south georgia technical college,www.southgatech.edu/,post-secondary
Dalton State College,dalton state college,https://www.daltonstate.edu/index.cms,post-secondary
Tricoci University Of Beauty Culture,tricoci university of beauty culture,www.tricociuniversity.edu/,post-secondary
Saint John's University,saint john's university,https://csbsju.edu/,post-secondary
Chief Dull Knife College,chief dull knife college,cdkc.edu/,post-secondary
Kettering College,kettering college,kc.edu/,post-secondary
Tulsa Welding School-Jacksonville,tulsa welding school-jacksonville campus,https://www.tws.edu/,post-secondary
Bakke Graduate University,bakke graduate university,https://www.bgu.edu/,post-secondary
Carolinas College Of Health Sciences,carolinas college of health sciences,www.carolinascollege.edu/,post-secondary
La' James International College Fort Dodge,la' james international college fort dodge,www.ljic.edu/,post-secondary
Tabor College,tabor college,tabor.edu/,post-secondary
New England College,new england college,www.nec.edu/,post-secondary
Cuny Bronx Community College,cuny bronx community college,www.bcc.cuny.edu/,post-secondary
Russell Sage College,russell sage college,www.sage.edu/,post-secondary
Auburn University At Montgomery,auburn university at montgomery,www.aum.edu/,post-secondary
Georgia Piedmont Technical College,georgia piedmont technical college,www.gptc.edu/,post-secondary
Won Institute Of Graduate Studies,won institute of graduate studies,www.woninstitute.edu/,post-secondary
West Coast University,west coast university,westcoastuniversity.edu/,post-secondary
Pierpont Community And Technical College,pierpont community and technical college,https://www.pierpont.edu/,post-secondary
Nashville State Community College,nashville state community college,www.nscc.edu/,post-secondary
Community College Of Allegheny County,community college of allegheny county,https://www.ccac.edu/,post-secondary
West Hills College Lemoore,west hills college lemoore,https://www.westhillscollege.com/lemoore/,post-secondary
Denver Seminary,denver seminary,www.denverseminary.edu/,post-secondary
Illinois State University,illinois state university,illinoisstate.edu/,post-secondary
La Sierra University,la sierra university,https://lasierra.edu/,post-secondary
Orange Coast College,orange coast college,www.orangecoastcollege.edu/,post-secondary
Miles College,miles college,www.miles.edu/,post-secondary
Thomas Jefferson School Of Law,thomas jefferson school of law,www.tjsl.edu/,post-secondary
Columbia Theological Seminary,columbia theological seminary,www.ctsnet.edu/,post-secondary
Richport Technical College,richport technical college,www.richporttc.com/,post-secondary
Robert Fiance Beauty Schools-North Plainfield,robert fiance beauty schools-north plainfield,www.robertfiance.edu/,post-secondary
Delta College,delta college,www.deltacollege.com/,post-secondary
New England Tractor Trailer Training School Of Connecticut,new england tractor trailer training school (nettts),www.nettts.com/,post-secondary
Diesel Driving Academy-Shreveport,diesel driving academy-shreveport,www.dda.edu/,post-secondary
Nash Community College,nash community college,https://www.nashcc.edu/,post-secondary
Venus Beauty Academy,venus beauty academy,www.venusbeautyacademy.com/,post-secondary
Hampshire College,hampshire college,www.hampshire.edu/,post-secondary
Nuc University,nuc university,nuc.edu,post-secondary
Pacific Life Bible College,pacific life bible college,pacificlife.edu,post-secondary
Kirkwood Community College,kirkwood community college,www.kirkwood.edu/,post-secondary
National Personal Training Institute,national personal training institute,nptiflorida.edu/npti-tampa/,post-secondary
Butte County Regional Occupational Program,butte county rop,ctec.bcoe.org/,post-secondary
Elim Bible Institute And College,elim bible institute and college,www.elim.edu/,post-secondary
Galveston College,galveston college,www.gc.edu/,post-secondary
Hocking College,hocking college,www.hocking.edu/,post-secondary
North Central State College,north central state college,https://www.ncstatecollege.edu/,post-secondary
University Of Akron,the university of akron,www.uakron.edu/,post-secondary
Pinellas Technical College,pinellas technical college,www.myptc.edu/,post-secondary
Mgh Institute Of Health Professions,mgh institute of health professions,www.mghihp.edu/,post-secondary
Columbia College-Virginia,columbia college, virginia,www.ccdc.edu/,post-secondary
Central Technology Center,central technology center,www.centraltech.edu/,post-secondary
La Salle University,la salle university,www.lasalle.edu/,post-secondary
Bristol Community College,bristol community college,www.bristolcc.edu/,post-secondary
Mississippi Gulf Coast Community College,mississippi gulf coast community college,https://www.mgccc.edu/,post-secondary
Southern Wesleyan University,southern wesleyan university,www.swu.edu/,post-secondary
Electrical Training Center,electrical training center,electricaltrainingcenter.org,post-secondary
California Institute Of The Arts,california institute of the arts,https://www.calarts.edu/,post-secondary
John A. Logan College,john a. logan college,https://www.jalc.edu/,post-secondary
CET-Watsonville,cet-watsonville,https://www.cetweb.edu/,post-secondary
Northern Wyoming Community College District,northern wyoming community college district,www.sheridan.edu/,post-secondary
American Beauty College,american beauty college,https://www.americanbeautycollege.edu/,post-secondary
Award Beauty School,award beauty school,www.awardbeautyschool.com/,post-secondary
Educators Of Beauty College Of Cosmetology,educators of beauty,www.educatorsofbeauty.com/,post-secondary
Samuel Merritt University,samuel merritt university,www.samuelmerritt.edu/,post-secondary
College Of The Marshall Islands,college of the marshall islands,www.cmi.edu/,post-secondary
Rasmussen University,rasmussen university,https://rasmussen.edu/,post-secondary
Wake Forest University,wake forest university,www.wfu.edu/,post-secondary
New Mexico State University,new mexico state university,www.nmsu.edu/,post-secondary
Unitech Training Academy-West Monroe,unitech training academy-west monroe,www.unitechtrainingacademy.com/,post-secondary
Institute Of Taoist Education And Acupuncture,institute of taoist education and acupuncture,www.itea.edu/,post-secondary
Pittsburgh Technical College,pittsburgh technical college,www.ptcollege.edu/,post-secondary
Shear Excellence Hair Academy,shear excellence international hair academy,shearexcellhairacademy.org/,post-secondary
Career Institute Of Health & Technology,career institute of health & technology,iht.edu/,post-secondary
Ross Education,ross education,www.rosseducation.edu/,post-secondary
National American University,national american university,www.national.edu,post-secondary
Boca Beauty Academy,boca beauty academy,www.bocabeautyacademy.edu/,post-secondary
Saginaw Chippewa Tribal College,saginaw chippewa tribal college,www.sagchip.edu/,post-secondary
Uei College,uei college,https://www.uei.edu/,post-secondary
Delta Technical College,delta technical college,www.deltatechnicalcollege.com/,post-secondary
Suny College At Geneseo,suny college at geneseo,www.geneseo.edu/,post-secondary
Charles Stuart School Of Diamond Setting,charles stuart school of diamond setting,charlesstuartschool.com/,post-secondary
Cvph Medical Center School Of Radiologic Technology,cvph medical center school of radiologic technology,www.cvph.org/Residency-and-Education/School-of-Radiology/,post-secondary
Capri Institute Of Hair Design-Brick,capri institute of hair design-brick,www.capriinstitute.com/,post-secondary
Wesleyan University,wesleyan university,www.wesleyan.edu/,post-secondary
American Beauty Academy,american beauty academy,www.americanbeauty.edu/,post-secondary
Academy Of Cosmetology And Esthetics Nyc,academy of cosmetology and esthetics nyc,www.theacademynyc.com/,post-secondary
Academy For Jewish Religion,academy for jewish religion,www.ajrca.edu/,post-secondary
Sarah Lawrence College,sarah lawrence college,www.sarahlawrence.edu/,post-secondary
Cuny Queensborough Community College,queensborough community college of the city university of new york (cuny),www.qcc.cuny.edu/,post-secondary
Institute Of American Indian And Alaska Native Culture And Arts Development,institute of american indian arts,https://iaia.edu/,post-secondary
University Of West Alabama,the university of west alabama,www.uwa.edu/,post-secondary
Siena College,siena college,https://www.siena.edu/,post-secondary
Alaska Christian College,alaska christian college,www.alaskacc.edu/,post-secondary
Renaissance Academie,renaissance academie,www.hairschoolonline.com/,post-secondary
Byzantine Catholic Seminary Of Saints Cyril And Methodius,byzantine catholic seminary of saints cyril and methodius,www.bcs.edu/,post-secondary
Portage Lakes Career Center,portage lakes career center,www.plcc.edu/,post-secondary
Dominican School Of Philosophy & Theology,dominican school of philosophy & theology,https://www.dspt.edu/,post-secondary
Cabrillo College,cabrillo college,www.cabrillo.edu/,post-secondary
Fullerton College,fullerton college,www.fullcoll.edu/,post-secondary
Columbia University In The City Of New York,columbia university in the city of new york-arts & sciences,www.columbia.edu/,post-secondary
Mineral Area College,mineral area college,https://mineralarea.edu/,post-secondary
Saint Ambrose University,st. ambrose university,www.sau.edu/,post-secondary
Foothill College,foothill college,https://foothill.edu/,post-secondary
Snow College,snow college,https://www.snow.edu/,post-secondary
Truman State University,truman state university,https://www.truman.edu/,post-secondary
Lu Ross Academy,lu ross academy,www.lurossacademy.com/,post-secondary
Douglas J Aveda Institute,douglas j aveda institutes & salons,www.douglasj.edu/,post-secondary
Eastern Connecticut State University,eastern connecticut state university,www.easternct.edu/,post-secondary
San Joaquin Valley College,san joaquin valley college,www.sjvc.edu/,post-secondary
Concorde Career Colleges,concorde career colleges,https://www.concorde.edu/campus/san-diego-california,post-secondary
California Beauty School,california beauty school,www.calbeautycollege.edu/,post-secondary
Mississippi Community College Board,mississippi community college board,www.mccb.edu/,post-secondary
Montana Technological University,montana technological university,https://www.mtech.edu/,post-secondary
Kirksville Area Technical Center,kirksville area technical center,kirksviller3.wixsite.com/katc,post-secondary
Lawrence Memorial Hospital School Of Nursing,lawrence memorial hospital school of nursing,www.lmregis.org/,post-secondary
New England Hair Academy,new england hair academy,www.newenglandhairacademy.com/,post-secondary
Delta College Of Arts & Technology,delta college of arts & technology,www.deltacollege.com/,post-secondary
Mcneese State University,mcneese state university,www.mcneese.edu/,post-secondary
Bethany College,bethany college,https://www.bethanylb.edu/,post-secondary
PJ's College Of Cosmetology-Richmond,pj's college of cosmetology-richmond,www.gotopjs.com/,post-secondary
Washington Hospital School Of Nursing,washington hospital school of nursing,www.whs.org/,post-secondary
Lincoln College,lincoln college,lincolncollege.edu/,post-secondary
Pacifica Graduate Institute,pacifica graduate institute,www.pacifica.edu/,post-secondary
Belmont Abbey College,belmont abbey college,www.belmontabbeycollege.edu/,post-secondary
CT State Naugatuck Valley,ct state naugatuck valley,ctstate.edu,post-secondary
Cutting Edge Academy,cutting edge hairstyling academy,www.cuttingedgeacademynj.com/,post-secondary
RRC Polytech,rrc polytech,rrc.ca,post-secondary
Makana Esthetics Wellness Academy,makana esthetics wellness academy,https://makanaacademy.edu/,post-secondary
University Of Arkansas System Eversity,university of arkansas system eversity,eversity.uasys.edu/,post-secondary
Alder Graduate School Of Education,alder graduate school of education,https://aldergse.edu/,post-secondary
Bishop State Community College,bishop state community college,www.bishop.edu/,post-secondary
Strayer University,strayer university,www.strayer.edu/campus-locations/north-carolina/research-triangle-park,post-secondary
Evans Hairstyling College-Cedar City,evans hairstyling college-cedar city,evanscollege.com/,post-secondary
Adult And Community Education-Hudson,adult and community education-hudson,https://www.ccsoh.us/site/Default.aspx?PageID=334,post-secondary
South Central College,south central college,www.southcentral.edu/,post-secondary
Lamar University,lamar university,www.lamar.edu/,post-secondary
New York Theological Seminary,new york theological seminary,nyts.edu/,post-secondary
Aviation Institute Of Maintenance,aviation institute of maintenance,https://www.aviationmaintenance.edu/campuses/orlando-fl/,post-secondary
University Of Nevada-Las Vegas,university of nevada-las vegas,www.unlv.edu/,post-secondary
Mitchell Community College,mitchell community college,https://mitchellcc.edu/,post-secondary
La Belle Beauty School,la belle beauty school,labellebeauty.net/,post-secondary
Hellenic College-Holy Cross Greek Orthodox School Of Theology,hellenic college holy cross,www.hchc.edu/,post-secondary
Diamonds Cosmetology College,diamonds cosmetology college,www.diamondscosmetology.com/,post-secondary
Midlands Technical College,midlands technical college,https://www.midlandstech.edu/,post-secondary
Laredo College,laredo college,www.laredo.edu/,post-secondary
Elite School Of Cosmetology,elite school of cosmetology,https://es.edu/,post-secondary
Eastland-Fairfield Career And Technical Schools,eastland-fairfield career and technical schools,www.eastland-fairfield.com/,post-secondary
San Francisco State University,san francisco state university,www.sfsu.edu/,post-secondary
Wheaton College,wheaton college,www.wheaton.edu/,post-secondary
New Dimensions Beauty Academy Inc,new dimensions,https://www.newdimensionsbeauty.com/,post-secondary
Somerset Community College,somerset community college,https://somerset.kctcs.edu/about/index.aspx,post-secondary
Johnston Community College,johnston community college,www.johnstoncc.edu/,post-secondary
Finger Lakes Community College,finger lakes community college,www.flcc.edu/,post-secondary
Texas Health School,texas health school,ths.edu/,post-secondary
Yeshiva Of Nitra Rabbinical College,yeshiva of nitra rabbinical college,yeshivaofnitra.org/,post-secondary
UCLA,ucla,www.ucla.edu/,post-secondary
Relay Graduate School Of Education,relay graduate school of education,www.relay.edu/,post-secondary
Albizu University-Miami,albizu university-miami campus,https://www.albizu.edu/,post-secondary
Central Michigan University,central michigan university,https://www.cmich.edu/,post-secondary
Oakland University,oakland university,www.oakland.edu/,post-secondary
House Of Heavilin Beauty College-Blue Springs,house of heavilin beauty college-blue springs,kc-hair.com/,post-secondary
Felician University,felician university,www.felician.edu/,post-secondary
Atlantic Beauty & Spa Academy Llc,atlantic beauty & spa academy llc,https://www.shorebeautyschool.edu/,post-secondary
EDP University Of Puerto Rico Inc,edp university of puerto rico, inc,www.edpuniversity.edu/,post-secondary
Emma's Beauty Academy-Mayaguez,emma's beauty academy-mayaguez,www.emmasbeautyacademy.com/,post-secondary
Rosedale Bible College,rosedale bible college,www.rosedale.edu/,post-secondary
Middle Georgia State University,middle georgia state university,https://www.mga.edu/,post-secondary
Raphael's School Of Beauty Culture-Boardman,raphaels school of beauty culture-boardman,www.raphaelsbeautyschool.edu/,post-secondary
Luna Community College Foundation,luna community college foundation,lunafoundationnm.org,post-secondary
Patrick & Henry Community College,patrick & henry community college,patrickhenry.edu,post-secondary
Sarasota School Of Massage Therapy,sarasota school of massage therapy,https://www.sarasotaschoolofmassagetherapy.edu/,post-secondary
Devry University,devry university,https://www.devry.edu/,post-secondary
Bank Street College Of Education,bank street college of education,www.bankstreet.edu/,post-secondary
Thomas More University,thomas more university,www.thomasmore.edu/,post-secondary
Talmudical Seminary Of Bobov,talmudical seminary of bobov,www.independentrabbinicalcolleges.org/,post-secondary
Morgan State University,morgan state university,https://www.morgan.edu/,post-secondary
Angeles College of Nursing,angeles college of nursing,https://www.angelescollege.edu/,post-secondary
Tri County Regional Vocational Technical High School,tri county regional vocational technical high school,www.tri-county.us/,post-secondary
Cambridge College Of Healthcare & Technology,cambridge college of healthcare & technology,www.cambridgehealth.edu/,post-secondary
Baker College,baker college,www.baker.edu/,post-secondary
Albany College Of Pharmacy And Health Sciences,albany college of pharmacy and health sciences,www.acphs.edu/,post-secondary
Niagara University,niagara university,www.niagara.edu/,post-secondary
University Of Rochester,university of rochester,https://www.rochester.edu/,post-secondary
Yeshivath Zichron Moshe,yeshivath zichron moshe,https://yeshivathzichronmoshe.com/,post-secondary
Caribbean University-Carolina,caribbean university-carolina,www.caribbean.edu/,post-secondary
Yeshivah Gedolah Rabbinical College,yeshivah gedolah rabbinical college,www.lecfl.com/,post-secondary
University Of The Ozarks,university of the ozarks,https://www.ozarks.edu/,post-secondary
Saint Vincent De Paul Regional Seminary,saint vincent de paul regional seminary,www.svdp.edu/,post-secondary
Antioch College,antioch college,antiochcollege.edu/,post-secondary
Icpr Junior College,icpr junior college,www.icprjc.edu/,post-secondary
Northern California Institute Of Cosmetology,northern california institute of cosmetology inc,ncinstitutecosmetology.com,post-secondary
Bryant & Stratton College-Virginia Beach,bryant & stratton college-virginia beach,https://www.bryantstratton.edu/,post-secondary
Francis Tuttle Technology Center,francis tuttle technology center,www.francistuttle.edu/,post-secondary
Mercy-St Luke's School Of Radiologic Technology,mercy/st luke's school of radiologic technology,https://www.unitypoint.org/cedarrapids/school-of-radiologic-technology.aspx,post-secondary
Clovis Adult Education,clovis adult education,clovisadult.cusd.com/,post-secondary
Elmhurst University,elmhurst university,www.elmhurst.edu/,post-secondary
Santa Monica College,santa monica college,www.smc.edu/,post-secondary
Reid State Technical College,reid state technical college,www.rstc.edu/,post-secondary
George C Wallace State Community College-Selma,george c wallace state community college foundation,www.wccs.edu/,post-secondary
Tillamook Bay Community College,tillamook bay community college,tillamookbaycc.edu/,post-secondary
Spokane Falls Community College,spokane falls community college,sfcc.spokane.edu,post-secondary
La Roche University,la roche university,www.laroche.edu/,post-secondary
Garnet Career Center,garnet career center,garnet.edu/,post-secondary
Yeshiva Karlin Stolin,yeshiva karlin stolin,https://yeshivakarlinstolin.org/,post-secondary
Icpr Junior College-Mayaguez,icpr junior college-mayaguez,www.icprjc.edu/,post-secondary
Cameo Beauty Academy,cameo beauty academy,www.cameobeautyacademy.com/,post-secondary
Colby College,colby college,www.colby.edu/,post-secondary
Worcester State University,worcester state university,https://www.worcester.edu/,post-secondary
Modern Beauty School Inc,modern beauty school inc,modernbeautyschool.org,post-secondary
Capri Oak Forest Beauty College,capri oak forest beauty college,capri.edu/,post-secondary
Eagle Gate College,eagle gate college,eaglegatecollege.edu,post-secondary
Mississippi Institute Of Aesthetics Nails & Cosmetology,mississippi institute of aesthetics nails & cosmetology,msinstitute.com/,post-secondary
Universal Technical Institute Inc,universal technical institute, inc,https://www.uti.edu/,post-secondary
Miami Dade College,miami dade college,www.mdc.edu/,post-secondary
University Of Illinois Chicago,university of illinois chicago,www.uic.edu/,post-secondary
Minnesota West Community And Technical College,minnesota west community and technical college,www.mnwest.edu/,post-secondary
University Of Tulsa,the university of tulsa,https://utulsa.edu/,post-secondary
Mercer County Community College,mercer county community college,www.mccc.edu/,post-secondary
Western Piedmont Community College,western piedmont community college,https://www.wpcc.edu/,post-secondary
Cincinnati State Technical And Community College,cincinnati state technical and community college,www.cincinnatistate.edu/,post-secondary
Gateway Community & Technical College,gateway community & technical college,gateway.kctcs.edu,post-secondary
Trine University,trine university,www.trine.edu/,post-secondary
Southern Careers Institute-Brownsville,southern careers institute-brownsville,www.scitexas.edu/,post-secondary
Lively Technical College,lively technical college,www.livelytech.com/,post-secondary
Lincoln University,lincoln university,www.lincoln.edu/,post-secondary
Southern Adventist University,southern adventist university,www.southern.edu/,post-secondary
University Of North Texas,university of north texas,www.unt.edu/,post-secondary
Scioto County Career Technical Center,scioto county career technical center,www.sciototech.org/,post-secondary
Aims Community College,aims community college,www.aims.edu/,post-secondary
Community College Of Philadelphia,community college of philadelphia,www.ccp.edu/,post-secondary
Bluegrass Community And Technical College,bluegrass community and technical college,https://bluegrass.kctcs.edu/,post-secondary
Chattanooga College Medical Dental And Technical Careers,chattanooga college medical dental and technical careers,www.chattanoogacollege.edu/,post-secondary
California University Of Pennsylvania,california university of pennsylvania,www.calu.edu/,post-secondary
Murray State College,murray state college,https://www.mscok.edu/,post-secondary
Daymar College-Owensboro,daymar college-owensboro,www.daymarcollege.edu/,post-secondary
University Of Maine,university of maine,www.umaine.edu/,post-secondary
Northwestern Michigan College,northwestern michigan college,https://www.nmc.edu/,post-secondary
Ohio Institute Of Allied Health,ohio institute of allied health,https://www.oiah.edu/,post-secondary
Hollywood Institute Of Beauty Careers,hollywood institute of beauty careers,www.hi.edu/,post-secondary
Brenau University,brenau university,www.brenau.edu/,post-secondary
Asm Beauty World Academy,asm beauty world academy,asm.edu/,post-secondary
Union Presbyterian Seminary,union presbyterian seminary,www.upsem.edu/,post-secondary
Worsham College Of Mortuary Science,worsham college of mortuary science,www.worsham.edu/,post-secondary
Valencia College,valencia college,valenciacollege.edu/,post-secondary
Thomas College,thomas college,www.thomas.edu/,post-secondary
University Of Maine At Fort Kent,university of maine at fort kent,www.umfk.maine.edu/,post-secondary
St Bonaventure University,st. bonaventure university,www.sbu.edu/,post-secondary
Oliver Finley Academy Of Cosmetology,oliver finley academy of cosmetology,oliverfinley.com/,post-secondary
John Dewey College,john dewey college,dewey.edu/,post-secondary
Altierus Career College,altierus career college,https://www.altierus.edu/,post-secondary
Memphis College Of Art,memphis college of art,www.mca.edu,post-secondary
Marion Technical College,marion technical college,www.mariontc.edu/,post-secondary
Saline County Career Center,saline county career center,https://www.marshallschools.com/o/career-center,post-secondary
Professional Technical Institution,professional technical institution inc,www.ptipr.edu/,post-secondary
Institute Of Health Sciences,institute of health sciences,www.iohs.org/,post-secondary
Manhattan Christian College,manhattan christian college,www.mccks.edu/,post-secondary
University Of Massachusetts,university of massachusetts,www.massachusetts.edu/,post-secondary
Ocean Corporation,the ocean corporation,www.oceancorp.com/,post-secondary
Houston Graduate School Of Theology,houston graduate school of theology,www.hgst.edu/,post-secondary
Asnuntuck Community College,asnuntuck community college,www.asnuntuck.edu/,post-secondary
Rolla Technical Institute/Center,rolla technical center,https://rtirtc.rolla31.org/,post-secondary
Suny College Of Agriculture And Technology At Cobleskill,suny cobleskill-college of agriculture and technology,www.cobleskill.edu/,post-secondary
University Of New Mexico-Gallup Campus,university of new mexico-gallup campus,www.gallup.unm.edu/,post-secondary
Stetson University,stetson university,www.stetson.edu/,post-secondary
College Of The Holy Cross,college of the holy cross,www.holycross.edu/,post-secondary
Rockland Community College,rockland community college,www.sunyrockland.edu/,post-secondary
Stevens-Henager College,stevens-henager college,www.stevenshenager.edu/,post-secondary
Galaxy Medical College,galaxy medical college,www.galaxymedicalcollege.edu/,post-secondary
Ralph R Willis Career And Technical Center,ralph r willis career and technical center,www.rrw.logancountyschoolswv.com/,post-secondary
Eastern Wyoming College,eastern wyoming college,ewc.wy.edu/,post-secondary
West Virginia State University,west virginia state university,www.wvstateu.edu/,post-secondary
Cosmetology & Spa Institute,cosmetology & spa institute,csicl.com,post-secondary
University Of Colorado Denver,university of colorado denver,www.ucdenver.edu/,post-secondary
San Diego State University,san diego state university,www.sdsu.edu/,post-secondary
Universal College Of Beauty Inc-Los Angeles 1,universal college of beauty inc-los angeles 1,www.universalcollegeofbeauty.com/,post-secondary
Wisconsin School Of Professional Psychology,wisconsin school of professional psychology,www.wspp.edu/,post-secondary
Manchester Community College,manchester community college,www.mccnh.edu/,post-secondary
Siena Heights University,siena heights university,www.sienaheights.edu/,post-secondary
Colorado School Of Mines,colorado school of mines,www.mines.edu/,post-secondary
Modesto Junior College,modesto junior college,www.mjc.edu/,post-secondary
Coastline Community College,coastline college,www.coastline.edu/,post-secondary
Holy Names University,holy names university,www.hnu.edu/,post-secondary
La Belle Beauty Academy,la belle beauty academy,www.labellebeauty.net/,post-secondary
Eastern Suffolk Boces,eastern suffolk boces,www.esboces.org/,post-secondary
Southern Technical College,southern technical college,www.southerntech.edu/,post-secondary
Hot Springs Beauty College,hot springs beauty college,hotspringsbeautycollege.com/,post-secondary
Cape Coral Technical College,cape coral institute of technology,capecoraltech.edu/,post-secondary
Elizabethtown Community And Technical College,elizabethtown community and technical college,https://elizabethtown.kctcs.edu/,post-secondary
Big Bend Community College,big bend community college,https://www.bigbend.edu/,post-secondary
Christian Brothers University,christian brothers university,https://www.cbu.edu/,post-secondary
Hesston College,hesston college,www.hesston.edu/,post-secondary
Saint Meinrad School Of Theology,saint meinrad seminary and school of theology,https://www.saintmeinrad.edu/,post-secondary
Spertus College,spertus institute for jewish learning and leadership,www.spertus.edu/,post-secondary
International School Of Skin Nailcare & Massage Therapy,international school of skin nailcare & massage therapy,issnschoolspa.com/,post-secondary
Central California School Of Continuing Education,central california school,ccsce.org/,post-secondary
Bay Path University,bay path university,www.baypath.edu/,post-secondary
Rensselaer Polytechnic Institute,rensselaer polytechnic institute,www.rpi.edu/,post-secondary
Medspa Academies,medspa careers institute,www.nima.edu/,post-secondary
Bolivar Technical College,bolivar technical college,www.bolivarcollege.org/,post-secondary
Institute Of Buddhist Studies,institute of buddhist studies,www.shin-ibs.edu/,post-secondary
The College Of Health Care Professions,the college of health care professions,chcp.edu/,post-secondary
Union College,union college,www.unionky.edu/,post-secondary
Eastern College Of Health Vocations-New Orleans,eastern college of health vocations-new orleans,www.easterncollege.edu./,post-secondary
University Of Miami,university of miami,www.miami.edu/,post-secondary
Academy of Professional Cosmetology,academy of professional cosmetology,apcschool.com,post-secondary
Idaho State University,idaho state university,www.isu.edu/,post-secondary
Caribbean University-Bayamon,caribbean university-bayamon,www.caribbean.edu/,post-secondary
Mott Community College,mott community college,https://www.mcc.edu/,post-secondary
Seattle Film Institute,seattle film institute,https://www.sfi.edu/#fronttable,post-secondary
Western Technical College,western technical college,www.westerntech.edu/,post-secondary
American Institute Of Medical Sciences & Education,american institute of medical sciences & education,www.aimseducation.edu/,post-secondary
Cuyahoga Community College District,cuyahoga community college,www.tri-c.edu/,post-secondary
Horry-Georgetown Technical College,horry-georgetown technical college,www.hgtc.edu/,post-secondary
Appalachian College Of Pharmacy,appalachian college of pharmacy,www.acp.edu/,post-secondary
Central Texas College,central texas college,www.ctcd.edu/,post-secondary
Cosmetology Career Center Llc,cosmetology career center llc,https://paulmitchell.edu/dallas/,post-secondary
Dallas Christian College,dallas christian college,www.dallas.edu/,post-secondary
Lake Washington Institute Of Technology,lake washington institute of technology,https://www.lwtech.edu/,post-secondary
Collin College,collin college,www.collin.edu/,post-secondary
CET-Santa Maria,cet-santa maria,https://www.cetweb.edu/,post-secondary
Red Rocks Community College,red rocks community college,www.rrcc.edu/,post-secondary
Phoenix College,phoenix college,www.phoenixcollege.edu/,post-secondary
Yuba College,yuba college,https://yc.yccd.edu/,post-secondary
Guttman Community College Cuny,guttman community college cuny,https://www.guttman.cuny.edu/,post-secondary
Hollins University,hollins university,www.hollins.edu/,post-secondary
Savannah Law School,savannah law school,savannahlawschool.org,post-secondary
Chattanooga State Community College,chattanooga state community college,https://www.chattanoogastate.edu/,post-secondary
Merryfield School Of Pet Grooming,merryfield school of pet grooming,https://www.merryfield.edu/,post-secondary
Medquest College,medquest college,medquestcollege.edu/,post-secondary
Tarrant County College,tarrant county college,www.tccd.edu/,post-secondary
Tint School Of Makeup & Cosmetology,tint school of makeup & cosmetology,tintseattlecosmetologyschool.com/,post-secondary
University Of Louisville,university of louisville,www.louisville.edu/,post-secondary
Dorsey School Of Business,dorsey school of business, inc,www.dorsey.edu/,post-secondary
Clary Sage College,clary sage college,www.clarysagecollege.com/,post-secondary
Montessori Casa International,montessori casa international,www.mcidenver.edu/,post-secondary
Reinhardt University,reinhardt university,www.reinhardt.edu/,post-secondary
University Of Hartford,university of hartford,www.hartford.edu/,post-secondary
Emily Griffith Technical College,emily griffith technical college,www.emilygriffith.edu/,post-secondary
Highland Community College,highland community college,www.highland.edu/,post-secondary
Miami Lakes Educational Center And Technical College,miami lakes educational center,miamilakes.edu/,post-secondary
Indiana University Indianapolis,indiana university indianapolis,www.iupui.edu/,post-secondary
Empire Beauty School-Maine,empire beauty school-maine,www.empire.edu/,post-secondary
Nichols College,nichols college,www.nichols.edu/,post-secondary
Concordia University-Nebraska,concordia university, nebraska,www.cune.edu/,post-secondary
Stevens Institute Of Technology,stevens institute of technology,www.stevens.edu/,post-secondary
Kehilath Yakov Rabbinical Seminary,kehilath yakov rabbinical seminary,kehilathyakov.com/,post-secondary
Southern Westchester Boces-Practical Nursing Program,southern westchester boces-practical nursing program,www.swboces.org/,post-secondary
Montgomery Community College,montgomery community college,montgomerycollege.edu,post-secondary
Protege Academy,protege academy,www.protegeacademy.com/,post-secondary
New Creations Academy of Hair Design,new creations academy of hair design,hairacademy2.com/,post-secondary
Eastern West Virginia Community And Technical College,eastern west virginia community and technical college,www.easternwv.edu/,post-secondary
Hastings Beauty School,hastings beauty school,hastingsbeautyschool.com/,post-secondary
Stone Child College,stone child college,www.stonechild.edu/,post-secondary
Herkimer County Community College,herkimer county community college,www.herkimer.edu/,post-secondary
Capella University,capella university,www.capella.edu/,post-secondary
Trinity Health System School Of Nursing,trinity health system school of nursing,https://trinityson.com/,post-secondary
Quality Technical And Beauty College,quality technical and beauty college,www.qualitytechbeautycollege.com/,post-secondary
University Of Tampa,university of tampa,https://www.ut.edu/,post-secondary
Community College Of Baltimore County,community college of baltimore county,www.ccbcmd.edu/,post-secondary
Blue Cliff College-Metairie,blue cliff college-metairie,www.bluecliffcollege.edu/,post-secondary
Brooklyn Law School,brooklyn law school,www.brooklaw.edu/,post-secondary
Sullivan County Community College,sullivan county community college,www.sunysullivan.edu/,post-secondary
Saint Vladimir's Orthodox Theological Seminary,st. vladimir's orthodox theological seminary,www.svots.edu/,post-secondary
Mount Aloysius College,mount aloysius college,www.mtaloy.edu/,post-secondary
University Of Hawaii At Manoa,university of hawaii at manoa,https://manoa.hawaii.edu/,post-secondary
Austin College,austin college,www.austincollege.edu/,post-secondary
Springfield College,springfield college,www.springfield.edu/,post-secondary
Innovations Design Academy,innovations design academy,innovationsdesignacademy.edu/,post-secondary
American College of Healthcare Sciences,american college of healthcare sciences,achs.edu,post-secondary
Augusta Technical College,augusta technical college,www.augustatech.edu/,post-secondary
Rose-Hulman Institute Of Technology,rose-hulman institute of technology,https://www.rose-hulman.edu/,post-secondary
Salem State University,salem state university,salemstate.edu,post-secondary
University Of Advancing Technology,university of advancing technology,www.uat.edu/,post-secondary
Savannah State University,savannah state university,www.savannahstate.edu/,post-secondary
Unification Theological Seminary,unification theological seminary: uts, interfaith seminary,https://www.uts.edu/,post-secondary
Beckfield College,beckfield college,www.beckfield.edu/,post-secondary
Yeshiva Gedolah Of Greater Detroit,yeshiva gedolah of greater detroit,https://www.yeshivagedolahgreaterdetroit.com/,post-secondary
The Master's University,the master's university,www.masters.edu/,post-secondary
West Hills College-Coalinga,west hills college coalinga,https://www.westhillscollege.com/coalinga/,post-secondary
Talladega College,talladega college,www.talladega.edu/,post-secondary
University Of Central Arkansas,university of central arkansas,www.uca.edu/,post-secondary
Reading Area Community College,reading area community college,https://www.racc.edu/,post-secondary
University Of Utah,university of utah,www.utah.edu/,post-secondary
Clarks Summit University,clarks summit university,https://www.clarkssummitu.edu/,post-secondary
Yeshiva Derech Chaim,yeshiva derech chaim,https://ydc.edu/,post-secondary
Pike-Lincoln Technical Center,pike-lincoln technical center,pltc.edu/,post-secondary
Pennsylvania Highlands Community College,pennsylvania highlands community college,www.pennhighlands.edu/,post-secondary
Central College Of Cosmetology,central college of cosmetology,centralandsalemcolleges.com/,post-secondary
Milan Institute-Sparks,milan institute-sparks,www.milaninstitute.edu/,post-secondary
Digrigoli School Of Cosmetology,digrigoli school of cosmetology,www.digrigoli.com/school,post-secondary
Fairfield University,fairfield university,fairfield.edu/,post-secondary
Lexington Theological Seminary,lexington theological seminary,www.lextheo.edu/,post-secondary
Minnesota State University Moorhead,minnesota state university moorhead,https://www.mnstate.edu/,post-secondary
Missouri Southern State University,missouri southern state university,www.mssu.edu/,post-secondary
State Technical College Of Missouri,state technical college of missouri,https://www.statetechmo.edu/,post-secondary
Mitchells Academy,mitchells academy,www.mitchells.edu/,post-secondary
Arnot Ogden Medical Center,arnot ogden medical center,www.arnothealth.org/,post-secondary
Kauai Community College,kauai community college,https://www.kauai.hawaii.edu/,post-secondary
G Skin & Beauty Institute,g skin & beauty institute,www.gskinbeautyinstitute.edu/,post-secondary
Eti School Of Skilled Trades,eti school of skilled trades,www.eticampus.com/,post-secondary
New Brunswick Theological Seminary,new brunswick theological seminary,www.nbts.edu/,post-secondary
Suny Broome Community College,suny broome community college,www.sunybroome.edu/,post-secondary
Drew University,drew university,www.drew.edu/,post-secondary
Montgomery College,montgomery college,www.montgomerycollege.edu/,post-secondary
Victory Career College,victory career college,victorycareercollege.edu/,post-secondary
George Mason University,george mason university,https://www2.gmu.edu/,post-secondary
Framingham State University,framingham state university,www.framingham.edu/,post-secondary
University Of Puerto Rico-Arecibo,university of puerto rico, arecibo,www.upra.edu/,post-secondary
Virginia Beach Theological Seminary,virginia beach theological seminary,www.vbts.edu/,post-secondary
Florida Southwestern State College,florida southwestern state college,www.fsw.edu/,post-secondary
Marietta College,marietta college,www.marietta.edu/,post-secondary
Wayne County Community College District,wayne county community college district,www.wcccd.edu/,post-secondary
Lubbock Christian University,lubbock christian university,https://www.lcu.edu/,post-secondary
Motlow State Community College,motlow state community college,www.mscc.edu/,post-secondary
Trinity Valley Community College,trinity valley community college,www.tvcc.edu/,post-secondary
University Of California-San Francisco,university of california, san francisco,ucsf.edu/,post-secondary
North Central College,north central college,northcentralcollege.edu/,post-secondary
Ohio State University,the ohio state university,www.osu.edu/,post-secondary
Ozarks Technical Community College,ozarks technical community college,www.otc.edu/,post-secondary
Community College Of Beaver County,community college of beaver county,https://www.ccbc.edu/,post-secondary
Edison State Community College,edison state community college,www.edisonohio.edu/,post-secondary
Massachusetts Bay Community College,massachusetts bay community college,https://www.massbay.edu/,post-secondary
Citrus Heights Beauty College,citrus heights beauty college,chbeautycollege.com/,post-secondary
Fort Lewis College,fort lewis college,fortlewis.edu/,post-secondary
Anderson University,anderson university,https://anderson.edu/,post-secondary
Lawrence University,lawrence university,www.lawrence.edu/,post-secondary
Evergreen Valley College,evergreen valley college,www.evc.edu/,post-secondary
International Academy,international academy,www.intl-academy.com/,post-secondary
Winona State University,winona state university,www.winona.edu/,post-secondary
Capri School of Hair Design,capri school of hair design,caprinow.com/,post-secondary
Greater Lowell Technical School,greater lowell technical school,www.gltech.org/,post-secondary
Florida Gulf Coast University,florida gulf coast university,www.fgcu.edu/,post-secondary
Yeshiva Of The Telshe Alumni,yeshiva of the telshe alumni,https://yeshivatelshealumni.com/,post-secondary
Branford Hall Career Institute,branford hall career institute,www.schooliya.com/peg/Branford/index.html,post-secondary
Eastern International Colleg,eastern international college,www.eicollege.edu/,post-secondary
Joffrey Ballet School,joffrey ballet school-american ballet center,www.joffreyballetschool.com/,post-secondary
Illinois College,illinois college,www.ic.edu/,post-secondary
South Coast College,south coast college,www.southcoastcollege.edu/,post-secondary
Yeshiva Gedolah Imrei Yosef D'spinka,yeshiva gedolah imrei yosef d'spinka,spinka58st.com/,post-secondary
New Mexico Military Institute,new mexico military institute,www.nmmi.edu/,post-secondary
Jackson State University,jackson state university,https://www.jsums.edu/,post-secondary
Oxford Academy Of Hair Design,oxford academy of hair design,www.oxfordhairacademy.com/,post-secondary
Georgetown College,georgetown college,www.georgetowncollege.edu/,post-secondary
Lassen Community College,lassen community college,www.lassencollege.edu/,post-secondary
Grinnell College,grinnell college,www.grinnell.edu/,post-secondary
Universal Spa Training Academy,universal spa training academy,www.spatrainingacademy.edu/,post-secondary
Stanbridge University,stanbridge university,www.stanbridge.edu/,post-secondary
Lewis And Clark Community College,lewis and clark community college,www.lc.edu/,post-secondary
Utah State University,utah state university,www.usu.edu/,post-secondary
North Park University,north park university,www.northpark.edu/,post-secondary
Clark College,clark college,www.clark.edu/,post-secondary
Central Coast College,central coast college,www.centralcoastcollege.edu/,post-secondary
Life University,life university,www.life.edu/,post-secondary
Yeshiva Ohr Elchonon Chabad West Coast Talmudical Seminary,yeshiva ohr elchonon chabad west coast talmudical seminary,www.yoec.edu/,post-secondary
Trinity Law School,trinity law school,tls.edu/,post-secondary
Starr King School For The Ministry,starr king school for the ministry,www.sksm.edu/,post-secondary
Pacific School Of Religion,pacific school of religion,www.psr.edu/,post-secondary
Los Angeles Valley College,los angeles valley college,www.lavc.edu/,post-secondary
Foothill-De Anza Community College District,foothill-de anza community college district,www.fhda.edu/,post-secondary
University Of The Potomac-Washington DC Campus,university of the potomac-washington dc campus,www.potomac.edu/,post-secondary
Faust Institute Of Cosmetology-Storm Lake,faust institute of cosmetology-storm lake,www.faustinstitute.com/,post-secondary
Randall University,randall university,www.ru.edu/,post-secondary
Weill Medical College Of Cornell University,joan & sanford i. weill medical college of cornell university,https://weill.cornell.edu/,post-secondary
Ultimate Medical Academy,ultimate medical academy,https://www.ultimatemedical.edu/about/,post-secondary
Academy Of Massage And Bodywork,academy of massage and bodywork,www.massage-academy.com/,post-secondary
National Conservatory Of Dramatic Arts,national conservatory of dramatic arts,www.theconservatory.org/,post-secondary
Musicians Institute,musicians institute,www.mi.edu/,post-secondary
Conservatory Of Recording Arts And Sciences,conservatory of recording arts and sciences,www.cras.edu/,post-secondary
Bais Binyomin Academy,bais binyomin academy,https://baisbinyominacademy.com/,post-secondary
Columbia College-Virginia,columbia college, virginia,www.ccdc.edu/,post-secondary
Wartburg Theological Seminary,wartburg theological seminary,https://www.wartburgseminary.edu/,post-secondary
Wheeling University,wheeling university,www.wju.edu/,post-secondary
Continental School Of Beauty Culture,continental school of beauty culture,continentalschoolofbeauty.edu/,post-secondary
Cleveland Community College,cleveland community college,www.clevelandcc.edu/,post-secondary
Rowan University,rowan university,https://www.rowan.edu/,post-secondary
Urshan University,urshan university,urshancollege.org/,post-secondary
Institute Of Culinary Education,institute of culinary education,www.ice.edu/losangeles,post-secondary
Toni & Guy Hairdressing Academy,toni & guy hairdressing academy,https://coeurdalene.toniguy.edu/,post-secondary
Sans Technology Institute,sans technology institute,www.sans.edu,post-secondary
Arizona State University,arizona state university,NOT AVAILABLE,post-secondary
Kennesaw State University,kennesaw state university,www.kennesaw.edu/,post-secondary
Methodist College,methodist college,www.methodistcol.edu/,post-secondary
Iowa Central Community College,iowa central community college,www.iowacentral.edu/,post-secondary
Miami International University Of Art & Design,miami international university of art & design,www.artinstitutes.edu/dallas/,post-secondary
Eastern Gateway Community College,eastern gateway community college,www.egcc.edu/,post-secondary
Teachers College Of San Joaquin,teachers college of san joaquin,www.teacherscollegesj.edu/,post-secondary
Central New Mexico Community College,central new mexico community college,https://www.cnm.edu/,post-secondary
Pitt Community College,pitt community college,www.pittcc.edu/,post-secondary
Essex County College,essex county college,www.essex.edu/,post-secondary
Pace University,pace university,www.pace.edu/,post-secondary
Cape Fear Community College,cape fear community college,www.cfcc.edu/,post-secondary
Chatham University,chatham university,www.chatham.edu/,post-secondary
Baruch College,baruch college,baruch.cuny.edu,post-secondary
Orleans Technical Institute,orleans technical institute,https://www.orleanstech.edu/,post-secondary
Salus University,salus university,https://www.salus.edu/,post-secondary
Alaska Vocational Technical Center,"avtec, alaska vocational technical center",www.avtec.edu/,post-secondary
Jefferson State Community College,jefferson state community college,www.jeffersonstate.edu/,post-secondary
H Councill Trenholm State Technical College,h councill trenholm state technical college,www.trenholmstate.edu/,post-secondary
University Of Spa & Cosmetology Arts,university of spa & cosmetology arts,www.uscart.com/,post-secondary
Cerro Coso Community College,cerro coso community college,cerrocoso.edu/,post-secondary
Piedmont University,piedmont university,https://www.piedmont.edu/,post-secondary
Lincoln Tech,lincoln tech,www.lincolntech.edu/campus/nashville-tn,post-secondary
Amberton University,amberton university,www.amberton.edu/,post-secondary
Ohio Technical College,ohio technical college,www.ohiotech.edu/,post-secondary
York Technical College,york technical college,www.yorktech.edu/,post-secondary
Future Generations University,future generations university,www.future.edu/,post-secondary
Lebanon County Area Vocational Technical School,lebanon county area vocational technical school,www.lcctc.edu/,post-secondary
American College Of Hairstyling-Des Moines,american college of hairstyling-des moines,www.americancollegeofhair.com/,post-secondary
Our Lady Of The Lake University,our lady of the lake university,https://www.ollusa.edu/,post-secondary
George Stone Technical College,george stone technical college,www.georgestonecollege.edu/,post-secondary
Crown College,crown college,www.crown.edu/,post-secondary
Community Care College,community care college,www.communitycarecollege.edu/,post-secondary
Blue Hills Regional Technical School,blue hills regional technical school,www.bluehills.org/postgraduate-practical-nursing-program/,post-secondary
Art Academy Of Cincinnati,art academy of cincinnati,www.artacademy.edu/,post-secondary
Ocean County Vocational Technical School,ocean county vocational technical school,www.ocvts.org/,post-secondary
Living Arts College,living arts college,living-arts-college.edu/,post-secondary
Saint Francis University,saint francis university,www.francis.edu/,post-secondary
Catawba College,catawba college,www.catawba.edu/,post-secondary
Texas Lutheran University,texas lutheran university,www.tlu.edu/,post-secondary
Wake Technical Community College,wake technical community college,www.waketech.edu/,post-secondary
Montgomery Beauty School,montgomery beauty school,www.montgomerybeautyschool.com/,post-secondary
Aquinas Institute Of Theology,aquinas institute of theology,www.ai.edu/,post-secondary
Talmudical Academy-New Jersey,talmudical academy-new jersey,https://talmudicalacademynj.com/,post-secondary
Middlebury College,middlebury college,www.middlebury.edu/,post-secondary
South Seattle College,south seattle college,southseattle.edu/,post-secondary
W L Bonner College,w l bonner college,www.wlbc.edu/,post-secondary
United States University,united states university,https://www.usuniversity.edu/,post-secondary
Lake Michigan College,lake michigan college,https://www.lakemichigancollege.edu/,post-secondary
Delaware Valley University,delaware valley university,www.delval.edu/,post-secondary
University Of Saint Francis-Fort Wayne,university of saint francis-fort wayne,www.sf.edu/,post-secondary
California Institute Of Applied Technology,	california institute of applied technology,www.caltech.edu/,post-secondary
Millikin University,millikin university,https://millikin.edu/,post-secondary
Hair Academy,hair academy,www.hairacademymd.com/,post-secondary
Santa Barbara City College,santa barbara city college,www.sbcc.edu/,post-secondary
Gordon State College,gordon state college (official),https://www.gordonstate.edu/,post-secondary
Illinois Institute Of Technology,illinois institute of technology,web.iit.edu/,post-secondary
Fresno Pacific University,fresno pacific university,www.fresno.edu/,post-secondary
Bon Secours St Mary's Hospital School Of Medical Imaging,bon secours st mary's hospital school of medical imaging,www.mysomi.org/,post-secondary
Pontifical Catholic University Of Puerto Rico-Mayaguez,pontifical catholic university of puerto rico-mayaguez,https://mayaguez.pucpr.edu/,post-secondary
Warrensburg Area Career Center,warrensburg area career center,wacc.warrensburgr6.org/,post-secondary
Kenneth Shuler School Of Cosmetology-Rock Hill,kenneth shuler school of cosmetology-rock hill,www.kennethshuler.com/,post-secondary
PC Age Career Institute,pc age career institute,www.pcage.edu/,post-secondary
American Academy Of Dramatic Arts-Los Angeles,american academy of dramatic arts-los angeles,www.aada.edu/,post-secondary
Academy Of Natural Therapy Inc,academy of natural therapy inc,www.natural-therapy.com/,post-secondary
Florida School Of Massage,florida school of massage,floridaschoolofmassage.com/,post-secondary
Concorde Career Institute-Jacksonville,concorde career institute-jacksonville,https://www.concorde.edu/campus/jacksonville-florida,post-secondary
Hobe Sound Bible College,hobe sound bible college,www.hsbc.edu/,post-secondary
Carnegie Institute,carnegie institute,https://www.carnegie-institute.edu/,post-secondary
Leech Lake Tribal College,leech lake tribal college,www.lltc.edu/,post-secondary
Mars Hill University,mars hill university,www.mhu.edu/,post-secondary
Illinois College Of Optometry,illinois college of optometry,www.ico.edu/,post-secondary
Suny Buffalo State,suny buffalo state,suny.buffalostate.edu/,post-secondary
Gratz College,gratz college,https://www.gratz.edu/,post-secondary
Massachusetts Maritime Academy,massachusetts maritime academy,https://www.maritime.edu/,post-secondary
Lake-Sumter State College,lake-sumter state college,www.lssc.edu/,post-secondary
Purdue University Northwest,purdue university northwest,www.pnw.edu/,post-secondary
Ottawa University-Surprise,ottawa university-surprise,www.ottawa.edu/ouaz/home/,post-secondary
Women's Institute Of Torah Seminary And College,women's institute of torah seminary and college,www.wits.edu/,post-secondary
Medical Career College,medical career college,https://medicalcareercollege.us,post-secondary
Careers Institute Of America,careers institute of america,www.careers-ins.com/,post-secondary
Idaho College Of Osteopathic Medicine,idaho college of osteopathic medicine,https://www.idahocom.org/,post-secondary
Guidance College,guidance college,www.guidancecollege.org/,post-secondary
Faith Theological Seminary And Christian College,faith theological seminary and christian college,www.ftscc.org/,post-secondary
Hackensack Meridian School Of Medicine,hackensack meridian school of medicine,www.hmsom.org/,post-secondary
Westchester School For Dental Assistant,westchester school for dental assistant,dentaltrainingwp.com/,post-secondary
Cuny Bernard M Baruch College,cuny bernard m baruch college,www.baruch.cuny.edu/,post-secondary
Theatre Of Arts,theatre of arts,www.toa.edu/,post-secondary
Cankdeska Cikana Community College,cankdeska cikana community college,www.littlehoop.edu/,post-secondary
University Of The People,university of the people,uopeople.edu/,post-secondary
Denison University,denison university,https://www.denison.edu/,post-secondary
New York Institute Of Technology,new york institute of technology,www.nyit.edu/,post-secondary
Cleveland University-Kansas City,cleveland university-kansas city,www.cleveland.edu/,post-secondary
Apollo Career Center,apollo career center,https://www.apollocareercenter.com/adult-education/,post-secondary
Bowling Green State University-Main Campus,bowling green state university-main campus,www.bgsu.edu/,post-secondary
University Of Mary Washington,university of mary washington,www.umw.edu/,post-secondary
Palm Beach Atlantic University,palm beach atlantic university,www.pba.edu/,post-secondary
Eastern Michigan University,eastern michigan university,www.emich.edu/,post-secondary
Rabbinical Seminary Of America,rabbinical seminary of america,www.rabbinical.org/,post-secondary
Lackawanna College,lackawanna college,www.lackawanna.edu/,post-secondary
Mountainland Technical College,mountainland technical college,https://mtec.edu/,post-secondary
Salt Lake Community College,salt lake community college,www.slcc.edu/,post-secondary
Mahoning County Career And Technical Center,mahoning county career and technical center,mahoningctc.com/mcctc-adult-career-center/,post-secondary
Oakton Community College,oakton community college,www.oakton.edu/,post-secondary
Midwestern University-Downers Grove,midwestern university-downers grove,https://www.midwestern.edu/,post-secondary
Francis Marion University,francis marion university,www.fmarion.edu/,post-secondary
Roane-Jackson Technical Center,roane-jackson technical center,www.rjtcwv.com/,post-secondary
Nuvani Institute,nuvani institute,www.nuvani.edu/,post-secondary
Muskingum University,muskingum university,www.muskingum.edu/,post-secondary
Healthcare Training Institute,healthcare training institute,healthcaretraininginstitutenola.net/,post-secondary
California Lutheran University,california lutheran university,www.callutheran.edu/,post-secondary
United States Coast Guard Academy,united states coast guard academy,https://www.uscga.edu/,post-secondary
More Tech Institute,more tech institute,moretechinstitute.edu/,post-secondary
Concordia University-Chicago,concordia university chicago,www.cuchicago.edu/,post-secondary
Union University,union university,www.uu.edu/,post-secondary
Butler University,butler university,www.butler.edu/,post-secondary
Career Center Of Southern Illinois,career center of southern illinois,www.gotoccsi.org/,post-secondary
University Of Connecticut-Avery Point,university of connecticut-avery point,averypoint.uconn.edu/,post-secondary
Empire Beauty School-Michigan,empire beauty school-michigan,www.empire.edu/,post-secondary
Holy Cross College,holy cross college,www.hcc-nd.edu/,post-secondary
Columbia Central University-Caguas,columbia central university-caguas,www.columbiacentral.edu/,post-secondary
New Jersey Institute Of Technology,new jersey institute of technology,www.njit.edu/,post-secondary
Salish Kootenai College,salish kootenai college,www.skc.edu/,post-secondary
College Of Hair Design-Downtown,college of hair design-downtown,collegeofhairdesign.com/,post-secondary
Okaloosa Technical College,okaloosa technical college,www.otcollege.net/,post-secondary
Eastern Nazarene College,eastern nazarene college,www.enc.edu/,post-secondary
Edward Waters College,edward waters college,www.ewc.edu/,post-secondary
Moler-Pickens Beauty Academy,moler-pickens beauty academy,molerhollywood.com/,post-secondary
Angeles Institute,angeles institute,www.angelesinstitute.edu/,post-secondary
Spalding University,spalding university,https://www.spalding.edu/,post-secondary
St Francis Medical Center-School Of Radiologic Technology,st francis medical center-school of radiologic technology,www.stfrancismedical.org/Education/School-of-Radiologic-Technology.aspx,post-secondary
Signature Healthcare Brockton Hospital School Of Nursing,signature healthcare brockton hospital school of nursing,www.bhson.org/,post-secondary
Plaza College,plaza college,www.plazacollege.edu/,post-secondary
New York School For Medical And Dental Assistants,new york school for medical and dental assistants,nysmda.com/,post-secondary
Cameo College Of Essential Beauty,cameo college of essential beauty,www.cameocollege.com/,post-secondary
University Of Alabama System Office,university of alabama system office,www.uasystem.edu/,post-secondary
Louisiana State University,louisiana state university,www.lsua.edu/,post-secondary
Louisiana State University-Alexandria,louisiana state university-alexandria,www.lsua.edu/,post-secondary
Liberty University,liberty university,www.liberty.edu/,post-secondary
Flagler College,flagler college,https://www.flagler.edu/,post-secondary
St Luke's College,st luke's college,www.stlukescollege.edu/,post-secondary
Texas A & M University-System Office,texas a & m university-system office,tamus.edu/,post-secondary
Institute Of Technology,institute of technology,www.iot.edu/,post-secondary
Culpeper Cosmetology Training Center,culpeper cosmetology training center,www.culpepercosmetology.com/,post-secondary
Career Beauty College,career beauty college,www.cbclburg.com/,post-secondary
Mt Hood Community College,mt hood community college,www.mhcc.edu/,post-secondary
Texas Chiropractic College Foundation Inc,texas chiropractic college foundation inc,www.txchiro.edu/,post-secondary
Trinity University,trinity university,https://new.trinity.edu/,post-secondary
Ursinus College,ursinus college,www.ursinus.edu/,post-secondary
Spokane Falls Community College,spokane falls community college,https://sfcc.spokane.edu/,post-secondary
Emory & Henry College,emory & henry college,www.ehc.edu/,post-secondary
John Tyler Community College,john tyler community college,https://jtcc.edu/,post-secondary
California State University Maritime Academy,california state university maritime academy,https://www.csum.edu/,post-secondary
Berkeley City College,berkeley city college,www.berkeleycitycollege.edu/wp/,post-secondary
Academy Of Esthetics And Cosmetology,academy of esthetics and cosmetology,www.aecosmetology.com/,post-secondary
Hope International University,hope international university,www.hiu.edu/,post-secondary
Northeastern Junior College,northeastern junior college,www.njc.edu/,post-secondary
American Jewish University,american jewish university,www.aju.edu/,post-secondary
Southeastern Community College,southeastern community college,www.scciowa.edu/,post-secondary
Emporia State University,emporia state university,www.emporia.edu/,post-secondary
Athenaeum Of Ohio,athenaeum of ohio,www.athenaeum.edu/,post-secondary
Southwestern Christian University,southwestern christian university,www.swcu.edu/,post-secondary
Saint Vincent College,saint vincent college,https://www.stvincent.edu/,post-secondary
"Center For Instruction, Technology & Innovation","center for instruction, technology & innovation",www.citiboces.org/adulteducation,post-secondary
American Academy Of Dramatic Arts,american academy of dramatic arts,www.aada.edu/,post-secondary
Circle In The Square Theatre School,circle in the square theatre school,www.circlesquare.org/,post-secondary
The Academy Of Hair Design Six,the academy of hair design six,www.academyofhair.com/,post-secondary
Estes Institute Of Cosmetology Arts And Science,estes institute of cosmetology arts and science,www.estescosmetology.com/,post-secondary
Newberry School Of Beauty,newberry school of beauty,www.newberryschoolofbeauty.net/,post-secondary
University Of The Southwest,university of the southwest,www.usw.edu/,post-secondary
Northwest Technical College,northwest technical college,https://www.ntcmn.edu/,post-secondary
Bryan College-Dayton,bryan college-dayton,www.bryan.edu/,post-secondary
North Central Institute,north central institute,www.nci.edu/,post-secondary
Montessori Education Center Of The Rockies,montessori education center of the rockies,www.mecr.edu/,post-secondary
Niagara County Community College,niagara county community college,www.niagaracc.suny.edu/,post-secondary
American Fitness And Nutrition Academy,american fitness and nutrition academy,afna.edu/,post-secondary
Winonah's International School Of Cosmetology,winonah's international school of cosmetology,www.winonah.net/,post-secondary
Yeshivat Hechal Shemuel,yeshivat hechal shemuel,hechalshemuel.com,post-secondary
Fontbonne University,fontbonne university,https://www.fontbonne.edu/,post-secondary
Bridgewater College,bridgewater college,https://www.bridgewater.edu/,post-secondary
Saint Michael College Of Allied Health,saint michael college of allied health,https://www.smcah.edu/,post-secondary
San Francisco Film School,san francisco film school,www.filmschoolsf.com/,post-secondary
Lincoln Land Community College,lincoln land community college,www.llcc.edu/,post-secondary
Tri-Rivers Career Center,tri-rivers career center,www.tririvers.com/,post-secondary
Mid-State Technical College,mid-state technical college,www.mstc.edu/,post-secondary
Academy Of Art University,academy of art university,www.academyart.edu/,post-secondary
Ridge Technical College,ridge technical college,www.ridge.edu/,post-secondary
Stanford University,stanford university,www.stanford.edu/,post-secondary
Northeast Technology Center,northeast technology center,www.netech.edu/,post-secondary
Williamsburg Technical College,williamsburg technical college,www.wiltech.edu/,post-secondary
Jna Institute Of Culinary Arts,jna institute of culinary arts,www.culinaryarts.edu/,post-secondary
Lander University,lander university,https://www.lander.edu/,post-secondary
Depauw University,depauw university,www.depauw.edu/,post-secondary
Berks Career & Technology Center,berks career & technology center,www.berkscareer.com/,post-secondary
Ashtabula County Technical And Career Campus,ashtabula county technical and career campus,www.atech.edu/,post-secondary
Arrojo Cosmetology School,arrojo cosmetology school,www.arrojocosmetology.com/,post-secondary
Catholic Distance University,catholic distance university,https://cdu.edu/,post-secondary
Lee University,lee university,www.leeuniversity.edu/,post-secondary
Monongalia County Technical Education Center,monongalia county technical education center,https://mtec.mono.k12.wv.us/18/home,post-secondary
West Kentucky Community And Technical College,west kentucky community and technical college,https://westkentucky.kctcs.edu/,post-secondary
Butte College,butte college,www.butte.edu/,post-secondary
National Career College,national career college,www.nccusa.edu/,post-secondary
John Brown University,john brown university,www.jbu.edu/,post-secondary
Central Washington University,central washington university,www.cwu.edu/,post-secondary
Charlotte Technical College,charlotte technical college,www.charlottetechcollege.net/,post-secondary
Florida Gateway College,florida gateway college,https://www.fgc.edu/,post-secondary
Chesapeake College,chesapeake college,https://www.chesapeake.edu/,post-secondary
Board Of Trustees-Mississippi State Institutions Of Higher Learning,board of trustees-mississippi state institutions of higher learning,www.mississippi.edu/,post-secondary
Blackfeet Community College,blackfeet community college,bfcc.edu/,post-secondary
Sandhills Community College,sandhills community college,www.sandhills.edu/,post-secondary
University System Of Maryland-Research Centers,university system of maryland-research centers,www.usmd.edu/,post-secondary
Forbes Road Career And Technology Center,forbes road career and technology center,www.forbesroad.com/,post-secondary
Rocky Vista University,rocky vista university,www.rvu.edu/,post-secondary
Carsten Institute Of Cosmetology,carsten institute of cosmetology,carsten.edu/,post-secondary
Highlights Beauty Schools,highlights beauty schools,https://genejuarezacademy.edu/,post-secondary
Tompkins Cortland Community College,tompkins cortland community college,www.tompkinscortland.edu/,post-secondary
Hastings College,hastings college,www.hastings.edu/,post-secondary
Bellevue University,bellevue university,www.bellevue.edu/,post-secondary
Jean Madeline Aveda Institute,jean madeline aveda institute,jeanmadeline.edu/,post-secondary
Touro University California,touro university california,www.tu.edu/,post-secondary
Shasta School Of Cosmetology,shasta school of cosmetology,www.shastaschoolofcosmetology.com/,post-secondary
Northwest Kansas Technical College,northwest kansas technical college,www.nwktc.edu/,post-secondary
Maryland University Of Integrative Health,maryland university of integrative health,www.muih.edu/,post-secondary
Boston Baptist College,boston baptist college,boston.edu/,post-secondary
American Sentinel University,american sentinel university,www.americansentinel.edu/,post-secondary
University Of Maine At Augusta,university of maine at augusta,www.uma.edu/,post-secondary
University Of Southern Maine,university of southern maine,www.usm.maine.edu/,post-secondary
Portland Community College,portland community college,www.pcc.edu/,post-secondary
Holy Family University,holy family university,https://www.holyfamily.edu/,post-secondary
Arizona Christian University,arizona christian university,arizonachristian.edu/,post-secondary
Mendocino College,mendocino college,www.mendocino.edu/,post-secondary
Tennessee College Of Applied Technology-Mcminnville,tennessee college of applied technology-mcminnville,tcatmcminnville.edu/,post-secondary
Universal Technology College Of Puerto Rico,universal technology college of puerto rico,www.unitecpr.edu/,post-secondary
Compton College,compton college,www.compton.edu/,post-secondary
Los Angeles Trade Technical College,los angeles trade technical college,www.lattc.edu/,post-secondary
Northwest Iowa Community College,northwest iowa community college,www.nwicc.edu/,post-secondary
Trevecca Nazarene University,trevecca nazarene university,https://www.trevecca.edu/,post-secondary
Alabama State University,alabama state university,www.alasu.edu/,post-secondary
Christopher Newport University,christopher newport university,cnu.edu/,post-secondary
The School Of Architecture,the school of architecture,https://theschoolofarchitecture.edu/,post-secondary
Yeshivas Be'Er Yitzchok,yeshivas be'er yitzchok,https://yeshivasbeeryitzchok.org/,post-secondary
Center For Natural Wellness School Of Massage Therapy,center for natural wellness school of massage therapy,NOT AVAILABLE,post-secondary
Blue Cliff College-Alexandria,blue cliff college-alexandria,bluecliffcollege.edu/,post-secondary
Saint Cloud State University,saint cloud state university,https://www.stcloudstate.edu/,post-secondary
Research College Of Nursing,research college of nursing,researchcollege.edu/,post-secondary
Beaufort County Community College,beaufort county community college,www.beaufortccc.edu/,post-secondary
University Of Central Florida,university of central florida,www.ucf.edu/,post-secondary
Ms Roberts Academy Of Beauty Culture,ms roberts academy of beauty culture,www.msroberts-academy.com/,post-secondary
Cannella School Of Hair Design-Villa Park,cannella school of hair design-villa park,cannellabeautyschools.com/,post-secondary
Don Roberts School Of Hair Design,don roberts school of hair design,www.donrobertsspaschool.com/,post-secondary
Taylor Institute Of Cosmetology Ii,taylor institute of cosmetology ii,www.kbc.edu/,post-secondary
Cuny City College,cuny city college,www.ccny.cuny.edu/,post-secondary
Morgantown Beauty College Inc,morgantown beauty college inc,www.morgantownbeautycollege.edu/,post-secondary
Emerson College,emerson college,www.emerson.edu/,post-secondary
Lansing Community College,lansing community college,https://www.lcc.edu/,post-secondary
Monroe Community College,monroe community college,www.monroecc.edu/,post-secondary
Suny Brockport,suny brockport,https://www.brockport.edu/,post-secondary
Gadsden Technical Institute,gadsden technical institute,www.gadsdentech.org/,post-secondary
Westcliff University,westcliff university,www.westcliff.edu/,post-secondary
Four Rivers Career Center,four rivers career center,www.frcc.washington.k12.mo.us/,post-secondary
California Institute Of Medical Science,california institute of medical science,cims.edu/,post-secondary
Union Bible College,union bible college,https://ubca.org/,post-secondary
American Massage & Bodywork Institute,american massage & bodywork institute,www.ambimassageschool.com/,post-secondary
New York Seminary,new york seminary,thenyseminary.com/,post-secondary
"University Of Maryland, Baltimore","university of maryland, baltimore",www.umaryland.edu/,post-secondary
The Fab School,the fab school,thefabschool.edu/,post-secondary
Mount Wachusett Community College,mount wachusett community college,mwcc.edu/,post-secondary
Arclabs,arclabs,https://www.arclabs.edu/,post-secondary
Somerset County Technology Center,somerset county technology center,www.sctc.net/dnn/,post-secondary
Southern Virginia University,southern virginia university,www.svu.edu/,post-secondary
Suny At Albany,suny at albany,www.albany.edu/,post-secondary
Oklahoma Christian University,oklahoma christian university,www.oc.edu/,post-secondary
Kenneth Shuler School Of Cosmetology-Florence,kenneth shuler school of cosmetology-florence,www.kennethshuler.com/,post-secondary
Bob Jones University,bob jones university,www.bju.edu/,post-secondary
San Jacinto Community College,san jacinto college,www.sanjac.edu/,post-secondary
Marian Health Careers Center-Los Angeles Campus,marian health careers center-los angeles campus,www.mariancollege.edu/,post-secondary
San Jose-Evergreen Community College District,san jose-evergreen community college district,www.sjeccd.edu/,post-secondary
Reedley College,reedley college,www.reedleycollege.edu/,post-secondary
Trinity Christian College,trinity christian college,www.trnty.edu/,post-secondary
South Florida State College,south florida state college,www.southflorida.edu/,post-secondary
Sacred Heart Seminary And School Of Theology,sacred heart seminary and school of theology,www.shsst.edu/,post-secondary
Oregon Institute Of Technology,oregon institute of technology,https://www.oit.edu/,post-secondary
Sioux Falls Seminary,sioux falls seminary,www.sfseminary.edu/,post-secondary
Tennessee College Of Applied Technology-Mckenzie,tennessee college of applied technology mckenzie,www.tcatmckenzie.edu/,post-secondary
Avi Career Training,avi career training,www.avicareertraining.com/,post-secondary
California State University-San Bernardino,california state university-san bernardino,www.csusb.edu/,post-secondary
California State University San Marcos,california state university san marcos,www.csusm.edu/,post-secondary
Bridgevalley Community & Technical College,bridgevalley community & technical college,www.bridgevalley.edu/,post-secondary
Mid-Del Technology Center,mid-del technology center,www.middeltech.com/,post-secondary
California International Business University,california international business university,www.cibu.edu,post-secondary
United Theological Seminary Of The Twin Cities,united theological seminary of the twin cities,www.unitedseminary.edu/,post-secondary
Brigham Young University-Idaho,brigham young university-idaho,www.byui.edu/,post-secondary
Lake Region State College,lake region state college,www.lrsc.edu/,post-secondary
Simpson University,simpson university,www.simpsonu.edu/,post-secondary
Central Carolina Technical College,central carolina technical college,www.cctech.edu/,post-secondary
Fortis Institute-Birmingham,fortis institute birmingham,www.fortis.edu/,post-secondary
Luther Rice College & Seminary,luther rice college & seminary,www.lutherrice.edu/,post-secondary
Murray State University,murray state university,www.murraystate.edu/,post-secondary
University Of Saint Mary Of The Lake,university of saint mary of the lake,www.usml.edu/,post-secondary
Delta Beauty College,delta beauty college,deltabeautyschool.com/,post-secondary
University Of Evansville,university of evansville,www.evansville.edu/,post-secondary
Brittany Beauty Academy,brittany beauty academy,https://brittanyacademy.edu/,post-secondary
Gwinnett College-Sandy Springs,gwinnett college-sandy springs,www.gwinnettcollege.edu/,post-secondary
Prism Career Institute-West Atlantic City,prism career institute-west atlantic city,prismcareerinstitute.edu/,post-secondary
Sacramento City College,sacramento city college,https://www.scc.losrios.edu/,post-secondary
Good Samaritan College Of Nursing And Health Science,good samaritan college of nursing and health science,www.gscollege.edu/,post-secondary
Fairleigh Dickinson University-Metropolitan Campus,fairleigh dickinson university-metropolitan campus,www.fdu.edu/,post-secondary
Leon Studio One School Of Beauty Knowledge,leon studio one school of beauty knowledge,www.leonstudioone.com/school/,post-secondary
American Intercontinental University-Atlanta,american intercontinental university-atlanta,www.aiuniv.edu/online-campus/campus-locations/atlanta,post-secondary
Universidad Pentecostal Mizpa,universidad pentecostal mizpa,mizpa.edu/,post-secondary
Rudae's School Of Beauty Culture-Ft Wayne,rudae's school of beauty culture-ft wayne,www.rudaes.edu/,post-secondary
Northpoint Bible College,northpoint bible college,www.northpoint.edu/,post-secondary
Wells College,wells college,www.wells.edu/,post-secondary
Knox College,knox college,https://www.knox.edu/,post-secondary
Graceland University-Lamoni,graceland university-lamoni,www.graceland.edu/,post-secondary
Colleen O'Haras Beauty Academy,colleen o'haras beauty academy,colleenoharasbeautyacademy.edu,post-secondary
Rutgers University-Camden,rutgers university-camden,https://www.camden.rutgers.edu/,post-secondary